,Max_Index,Max_Value
Alpha_o_7DAYMADRS_corr,3581,0.803838538498067
Alpha_s_7DAYMADRS_corr,372,0.7942294078195072
Beta_o_7DAYMADRS_corr,6096,0.8428391120358197
Beta_s_7DAYMADRS_corr,346,0.7614410035390791
Gamma_o_7DAYMADRS_corr,3742,0.9217809705468688
Gamma_s_7DAYMADRS_corr,346,0.8068844709246221
Theta_o_7DAYMADRS_corr,13967,0.9405828531904811
Theta_s_7DAYMADRS_corr,858,0.8811226058376498
